Company Name,Software,Current Funding Level,Company Size,Website,Industry
!FEST,,,101-250 employees,http://www.fest.lviv.ua,Food and Beverage
!DOEVE*,,,1-10 employees,http://www.doeve.nl/,Advertising~Consulting~Marketing~Sales
!mpossible,,,1-10 employees,http://www.impossiblevisions.com,Apps~Education~Software~Video Games
!Creatice,,302000,11-50 employees,http://feiquchuangzao.com,Education
!SHOUTTAG,,,1-10 employees,https://shouttag.com/!shouttag,Marketing~Social Media Marketing
!important,,,11-50 employees,https://www.important.com,Automotive~Internet of Things~Mobile Apps~Public Safety~Smart Cities
"""Believe & Succeed""",,,1-10 employees,http://www.believe-succeed.com,Consulting~Human Resources~Training
"""Simplify Your Life & Load""",,,,http://www.stormfleetservicesllc.com,Association
99 Algorithms Pvt. Ltd.,,,,,Information Technology
"""First"" Sales & Marketing",,,1-10 employees,https://www.f-s-m.de/,Information Technology~Network Security~Sales
99 Anchors,,,1-10 employees,https://www.99anchors.com,Travel
"""Bureau BM""",,,11-50 employees,http://www.bureaubm.nl,Advertising~Marketing
99 Apps,,,1-10 employees,http://www.99apps.com,Mobile
#1 Pansexual Dating Site,,,101-250 employees,https://pansexualdatingsites.com/pansexual-dating-sites/,
99 BXNG,,,11-50 employees,https://www.99bxng.com/,
"""Was hab’ ich?"" gGmbH",,,,https://washabich.de,Internet~Medical~Translation Service
99 Carpets,,,11-50 employees,http://www.99carpets.com,Retail
"""Text & Technik"" - Webseiten-Optimierung",,,1-10 employees,https://www.tt-weboptimierung.de/,Analytics~Information Technology~Internet
99 Cent Land,,,1-10 employees,http://www.99centland.com,Consumer Goods~Fashion~Food and Beverage~Lifestyle~Retail
#1 DiamondSource,,,11-50 employees,http://www.1diamondsource.com/,E-Commerce~Jewelry~Retail~Wholesale
ACell,,8700000,251-500 employees,http://acell.com,Health Care~Manufacturing~Medical
Acella Technologies,,,,https://www.acellatech.com,Information Technology~Internet~Small and Medium Businesses
Acellus Corporation,,,1-10 employees,http://www.acellus.com,EdTech~Education~Software
Acelon Chemicals & Fiber,,,501-1000 employees,http://www.acelon.com.tw/,Chemical~Manufacturing~Textiles
Aceluxe,,,,http://acelx.com/,Health Care~Medical Device~Sales
!Bewust sociaal op web,,,1-10 employees,https://bewustsociaalopweb.nl,Content Creators~Lead Generation~Sales~Social Media~Web Design
!K7,,,11-50 employees,http://www.k7.com,Media and Entertainment~Music
!pet visuele communicatie,,,11-50 employees,http://www.petonline.nl,Graphic Design~Printing~Retail
"""appartement à rénover""​",,,1-10 employees,https://www.appartement-a-renover.fr/,Real Estate
"""K"" LINE KINKAI",,,101-250 employees,https://kawakin.co.jp/,Marine Transportation~Shipping
"""Ocadeus"" Monitoring System",,,11-50 employees,http://ocadeus.com/,Developer Tools~Information Technology~Internet~Software
"""VTI"" PrJSC",,,101-250 employees,http://www.kpvti.com/,Computer~Software
#2,,,1-10 employees,http://www.hash2.nl,Information and Communications Technology (ICT)~Information Technology
Advanced Media,,15307639,101-250 employees,http://advanced-media.co.jp,Information Technology~Logistics~Speech Recognition
Advanced Media Technologies,,,51-100 employees,http://amtec.in,Direct Marketing~Internet
Advanced Medical Electronics,,,,http://www.ame-corp.com/,Manufacturing~Medical~Medical Device
Advanced Medical Group,,,51-100 employees,http://www.amgrx.com/,Health Care~Medical Device
Advanced Medical Laser Center,,,,http://advancedmedicallasercenter.com,Beauty~Health Care
Advanced Medical Partners,,,,,Health Care
Advanced Medical Physics,,,,http://www.amphysics.com/,Consulting~Health Care~Health Diagnostics
Advanced Medical Services,,,,http://www.advancedpaternity.com,Biotechnology~Health Care~Health Diagnostics~Personal Health
Advanced Medical Staffing,,,11-50 employees,http://advancedmedicalstaff.com,Health Care~Medical
Advanced Medical Solutions,,,251-500 employees,http://www.admedsol.com,Health Care~Medical Device
Advanced Medical Technologies,,,11-50 employees,http://www.ati-amt.com/,Biotechnology~Electronics~Hardware~Health Care~Manufacturing~Medical Device
ADVANCED MEDICAL X-RAY,,,,https://cr-pacs.com/,Health Care~Medical~Medical Device~Supply Chain Management
#ADINDEX,,,11-50 employees,https://adindex.biz,Advertising
#DDayAlliance,,,1-10 employees,https://www.siteselogos.pt/projetos/Dday/,
#BLKBX STUDIOS,,,11-50 employees,http://blkbxstudios.com,Business Development~Digital Marketing~Professional Services
#BuildersNetwork,,,,,Communities
#CNXT,,,,http://www.cnxt.co/#,Consumer Software~Enterprise Software~Finance~Information Technology~Internet~Social Media~Software
#GIFPIX Experiential,,,1-10 employees,https://gifpix.co/,Brand Marketing~Digital Media
#KelasBisnis,,,1-10 employees,https://kelasbisnis.id,Advertising~E-Commerce
#Fly,,,11-50 employees,https://beta.fly.me,Artificial Intelligence~Information Technology~Machine Learning~Travel
#moin,,,1-10 employees,https://www.meerwert-kommunikation.de/,Advice~Consulting~Social Media
#digital pro,,,1-10 employees,http://digitalpro.io/,Advertising~Digital Marketing~Internet
"Advanced Media Technologies, Inc.",Microsoft Office 365~Microsoft Outlook~Network Solutions,,101-250 employees,http://amt.com,Internet~Telecommunications
Advanced Medical Imaging of Pinellas,,,11-50 employees,https://www.openmriofpinellas.org/,Health Care~Health Diagnostics~Medical Device~Wholesale
Advanced Medical Management,Google Analytics~Vimeo~reCAPTCHA~Microsoft Office 365~Adobe Typekit~Amazon EC2~Facebook Comments~ASP.NET~Microsoft IIS~Mimecast Gateway~GoDaddy DNS~Zencoder~Aviary~Bitly~MoPro~Moment Timezone,,51-100 employees,http://www.amm.cc/,Health Care~Hospital
Advanced Medical Pricing Solutions,HTML5~Google Analytics~WordPress~Vimeo~Google Fonts~Google Tag Manager~Apache Web Server~Microsoft Outlook~reCAPTCHA~Microsoft Office 365~Hotjar~Skype for Business~Gravatar~GoDaddy SSL~ShareThis~Oracle Data Cloud (Bluekai/Datalogix)~Simpli.fi~ActiveCampaign~Nelio A/B Testing,,51-100 employees,https://advancedpricing.com/,Health Care~Insurance
Advanced Medical Research Institute of Canada,,,51-100 employees,http://www.amric.ca/,Biotechnology~Education~Health Care
Advanced Medical Sales,,,1-10 employees,https://ams-rx.com/,Medical~Pharmaceutical~Wholesale
Advanced Medical Reviews,HTML5~Google Analytics~jQuery~WordPress~Vimeo~Google Tag Manager~Bootstrap~Microsoft Outlook~reCAPTCHA~Google Maps~Google Fonts~Gravatar~Adobe Typekit~GoDaddy DNS~Facebook Comments~New Relic~AddThis~Hotjar~HubSpot Marketing Hub~AngularJS~Cloudflare~ShareThis~Starfield SSL~GlobalSign~Disqus~Quantcast Measure~HubSpot Forms~HubSpot Website Platform~AMP~QQ Mail~Facebook Login~Embedly~Incapsula~Typepad~iCIMS~Simpli.fi~Buffer~LiveJournal~Google Sign-In~Atlantis.js~Twilio~Lead Forensics,,51-100 employees,http://www.admere.com/,Health Care~Medical
Advanced Medical Strategies,,,11-50 employees,https://www.mdstrat.com/,Health Care~Hospital
Advanced Medical Personnel Services,Microsoft Outlook~Microsoft Office 365~Skype for Business~Amazon EC2~Mailgun~Proofpoint~Namecheap Web Hosting,,251-500 employees,http://www.advanced-medical.net/,Recruiting~Staffing Agency
Advanced Medical Technology Association,HTML5~Google Analytics~Google Fonts~Vimeo~WordPress~Google Tag Manager~Bootstrap~Microsoft Outlook~reCAPTCHA~nginx~Google Drive~Skype for Business~GoDaddy DNS~Adobe Typekit~Adobe Flash~DigiCert~Google Maps~Polyfill~New Relic~Fonts.com~Amazon EC2~AddThis~Hotjar~Zendesk~Mandrill~Twilio SendGrid~Mimecast Gateway~MarkMonitor~Drupal~Mailgun~AdRoll~bxSlider~WP Engine~Marketo~Google Doubleclick~Select2~iCIMS~Yahoo UI Library~AWS Elastic Load Balancing~Adobe ColdFusion~Flowplayer~Scarab Research~Recruitics~JW Player~Libsyn~Naylor Boxwood~The Muse~IBM Kenexa BrassRing~Feathr,,101-250 employees,http://www.advamed.org,Environmental Engineering~Health Care~Information Technology~Medical~Medical Device
#hexology,HTML5~Vimeo~Google Analytics~WordPress~Google Fonts~G Suite (formerly Google Apps for Work)~PHP~Apache Web Server~reCAPTCHA~Polyfill~Gravatar~jQuery~MailChimp~MediaElement.js~Font Awesome~1&1 Hosting~Facebook Login~Cloudflare~FastHosts~1&1 Domain Registration~Google Sign-In,,1-10 employees,http://hexology.co/,Augmented Reality~Social Media
Advanced Memory Systems,,,,,Information Technology~Manufacturing~Semiconductor
#IconSource,,,11-50 employees,http://iconsource.com,Marketplace~Social Media~Social Media Marketing~Sports
Acellent Technologies,,,11-50 employees,http://www.acellent.com,Aerospace
Advanced Memory Technology,,484281,251-500 employees,http://www.amtpcm.com/,Hardware~Network Hardware~Semiconductor
#JustTagit,,,1-10 employees,https://justtagit.app,Consumer Software~Enterprise Software~Social Media~Social Network~Software
Acellera,,54634,1-10 employees,https://www.acellera.com,Biotechnology~Consulting~Medical~Pharmaceutical~Product Research
Advanced Messenger Service,,,11-50 employees,http://www.advancedmessenger.com/,Computer~Information Services~Information Technology
#NotMe,,,1-10 employees,https://www.not-me.com,Compliance~Enterprise Software~Human Resources~Information Technology~Software
Acelo Solutions,,,1-10 employees,http://www.acelosolutions.com/,Computer~Software
Advanced Metering Data Systems,,,,,Electronics
#open,,,1-10 employees,https://hashtagopen.com/,Apps~Dating
Acelo,,,1-10 employees,http://www.acelo-digital.com,Software~Web Apps~Wholesale
Advanced Metal Technology,,,,http://am-technology.ch,Information Technology~Precious Metals
#MovingForward,,,1-10 employees,https://wearemovingforward.github.io/,
AcelRx Pharmaceuticals,Google Analytics~HTML5~jQuery~Google Tag Manager~Vimeo~Apache Web Server~Google Fonts~Microsoft Office 365~Bootstrap~Skype for Business~Adobe Typekit~Microsoft IIS~FlexSlider~Mimecast Gateway~PHP~Mailgun~iCIMS~Register.com Hosting~Workable~DreamHost Hosting~Register.com Domain Registration,52314108,51-100 employees,http://www.acelrx.com,Biotechnology~Health Care~Pharmaceutical
Advanced Metrology Solutions,,,,http://ams-es.com,3D Technology~Industrial
Aceltis Financial Group,,,1-10 employees,https://www.aceltisgroup.com/,Finance~Financial Services
Advanced Micro Robotics,,,1-10 employees,http://advancedmicrorobotics.com/,Machinery Manufacturing~Robotics~Software
Acely,,,101-250 employees,http://www.acely.co.jp/,Computer~Database~Outsourcing~Software~Technical Support
Acem Telecom,,,11-50 employees,https://acem.net.br/,Telecommunications
Acelynk,,,11-50 employees,https://acelynk.com/,Information Technology~Software
Acembly,HTML5~Vimeo~Google Fonts~WordPress~Google Tag Manager~Google Analytics~G Suite (formerly Google Apps for Work)~Apache Web Server~jQuery~reCAPTCHA~nginx~Bootstrap~Amazon EC2~Polyfill~Facebook Comments~MailChimp~PHP~MediaElement.js~HubSpot Website Platform~Lightbox~Zendesk~Google Doubleclick~Disqus~AWS Elastic Load Balancing~Mailgun~HubSpot Forms~HubSpot Marketing Hub~Intercom~GreenSock Animation Platform~AdRoll~Firebase~Drift~Mapbox~Sumo~Yahoo! Query Language (YQL)~VWO~DNSimple~Cloudways~LinkedIn Ads,,1-10 employees,https://acembly.com/,Apps~SaaS~Software
ACEMedical,,,,http://www.ace-medical.com/,Furniture~Manufacturing~Medical Device
Advanced Mem-Tech,,5000000,11-50 employees,http://advanced-mem-tech.com,Environmental Engineering~Information Technology~Renewable Energy
Acemar,,,1-10 employees,http://www.acemarhosteleria.com,Catering~Hospitality~Sales
Advanced messaging platforms to improve routing and enhance performance.,,,251-500 employees,https://www.zephyrtel.com/solutions/newnet/,Mobile
Acemo Bedding,,,1-10 employees,http://acemo.nl,E-Commerce~Home Decor~Home Improvement
Advanced Metal Etching,HTML5~Google Analytics~jQuery~Google Fonts~WordPress~Google Tag Manager~Vimeo~Apache Web Server~Bootstrap~reCAPTCHA~Google Maps~nginx~Google Drive~Adobe Typekit~Adobe Flash~Fonts.com~Gravatar~Comodo SSL~MailChimp~Font Awesome~Varnish Cache~ipstack~DreamHost Hosting~Flickr API~Batchbook~Cloudways~Gravity Forms,,11-50 employees,http://www.metaletching.com,Manufacturing
AcEmpire,,,1-10 employees,http://www.acempire.co.uk,E-Commerce~Real Estate~Social Media
Advanced Metrics,,,11-50 employees,https://advancedmetrics.net/,Computer~Software
Acend Inc.,,,11-50 employees,https://www.acend.io/,Insurance~Software
Advanced Micro Distribution Channels,HTML5~Google Analytics~Vimeo~Google Fonts~jQuery~WordPress~Google Tag Manager~Apache Web Server~PHP~Microsoft Outlook~Skype for Business~Microsoft Office 365~reCAPTCHA~GoDaddy DNS~Cloudflare~MediaElement.js~Trustwave~W3 Total Cache,,1-10 employees,https://amdc.com,Information Technology
"Acend Insurance Solutions, LLC.",,,,,Financial Services~Insurance
#SWiPe,,,,https://justtagit.io/tag/swipe,Financial Services
Advanced Micro Computer Specialist,,,1-10 employees,http://www.advmcro.com/,Hardware~Information Technology~Software
Acenda Integrated Health,,2600000,101-250 employees,https://acendahealth.org/,Health Care
#QuieroViajarSola,,,1-10 employees,https://www.quieroviajarsola.com,Communities~Tourism~Travel
Advanced Micro Instruments,HTML5~Google Analytics~Google Tag Manager~Vimeo~Google Fonts~PHP~Apache Web Server~Bootstrap~Microsoft Outlook~reCAPTCHA~Modernizr~jQuery~Google Drive~Hotjar~nginx~Comodo SSL~Amazon S3~Network Solutions~Microsoft Office 365~Barracuda Essentials for Email Security,,1-10 employees,https://www.amio2.com,Machinery Manufacturing~Manufacturing~Oil and Gas
Acenden,,,101-250 employees,https://www.acenden.com/,Finance
#paid,HTML5~Google Analytics~Google Fonts~jQuery~WordPress~Vimeo~Bootstrap~Google Tag Manager~G Suite (formerly Google Apps for Work)~nginx~Google Maps~Google Drive~Adobe Typekit~Adobe Flash~Amazon EC2~Fonts.com~Facebook Comments~Amazon Route 53~New Relic~GoDaddy SSL~Disqus~Stripe~Intercom~AdRoll~Amazon CloudFront~Buffer~WP Engine~Shopify~Facebook Login~Segment~Mixpanel~Typepad~Sumo~Optimizely~VWO~Phusion Passenger~Ruby on Rails~Heap~Greenhouse~Drift~Unbounce~Google Sign-In~Workable~Bizible~Lever,6500000,51-100 employees,http://www.hashtagpaid.com,Content Creators~Marketing~Social Media~Social Media Marketing
Advanced Micro-Fabrication Equipment,HTML5~Google Analytics~jQuery~Apache Web Server~PHP~nginx~DigiCert~ExpressJS~Bootstrap,156110000,101-250 employees,http://www.amec-inc.com/,Industrial~Manufacturing~Semiconductor
"Acenet, Inc",,,11-50 employees,https://ace-host.net,Information Technology~Software~Web Hosting
Advanced Microbubbles,HTML5~Google Fonts~jQuery~Google Analytics~G Suite (formerly Google Apps for Work)~reCAPTCHA~Apache Web Server~Google Drive~GoDaddy DNS~DigiCert~Stripe~Weebly~GeoTrust SSL~Quantcast Measure~Register.com Hosting,250000,1-10 employees,http://www.advancedmicrobubbles.com/,Medical~Therapeutics
Advanced Micro Solutions,HTML5~Google Analytics~jQuery~Google Tag Manager~Google Fonts~WordPress~Apache Web Server~PHP~Bootstrap~GoDaddy SSL~bxSlider~Vimeo~CrazyEgg~VWO~LiveHelpNow,,11-50 employees,https://www.1099-etc.com/,Software
Advanced Micro System,,,1-10 employees,http://www.a-microsystem.co.jp/,Information Technology~SEO~Web Design~Web Development
Advanced Microscopy Group,,,,,Medical
Advanced Micropower,,,1-10 employees,http://www.advancedmicropower.co.uk/,Electronics~Manufacturing~Product Design
Advanced Microsystems,,,,https://www.amsmaine.com/,Business Development~Information Technology
ACELR8,HTML5~Google Analytics~Google Fonts~Vimeo~jQuery~G Suite (formerly Google Apps for Work)~nginx~Google Maps~Google Drive~Google Tag Manager~GoDaddy DNS~Cloudflare~DigiCert~Polyfill~Google Compute Engine~New Relic~Hotjar~MailChimp~HubSpot Marketing Hub~OpenResty~HubSpot Website Platform~Adobe Typekit~GlobalSign~HubSpot Forms~Disqus~Intercom~Stripe~AMP~Squarespace~Segment~Amplitude~Embedly~Webflow~BambooHR~Drift~Typeform~Glassdoor Jobs~AngelList Jobs~Workable~Pure Chat~Netlify~Whoisvisiting~LinkedIn Recruiter~Stack Overflow Jobs~Ghost~HackerRank~Udemy~Salesforce Work.com~TalentBin~Appcues,,11-50 employees,https://acelr8.com,Consulting~Information Technology~Product Design
Advanced Microtechnology,,,1-10 employees,http://www.advancedmicrotech.com/,Information Technology
ACEMA Credit Czech,,,101-250 employees,https://acema.cz,Banking~Financial Services
Advanced Microwave Components,,,,https://www.advancedmicrowave.com,Manufacturing
Acemero Technologies,,,1-10 employees,https://www.acemero.com/,Mobile Apps~Web Apps~Web Development
Advanced Military Analytics AmA,,,11-50 employees,,Consulting~Information Technology~Software
Acemis,HTML5~jQuery~Google Analytics~Google Fonts~WordPress~Vimeo~Microsoft Office 365~Microsoft Outlook~Google Drive~Adobe Flash~Google Tag Manager~Gravatar~MailChimp~AddThis~nginx~Gravity Forms~SendinBlue~OVH Hosting,,11-50 employees,https://www.acemis.fr/,Consulting~Management Consulting
Advanced MicroTurbines,,1183568,1-10 employees,https://www.microturbines.it/,Electrical Distribution~Electronics~Energy~Machinery Manufacturing
Acemi,,,1-10 employees,http://acemi.fr,Industrial Automation~Industrial Engineering
Advanced Mobile Applications,,,51-100 employees,http://www.ama-studios.com,Gaming~iOS~Mobile~Mobile Apps~Video Games
#RockMyPost,,,1-10 employees,http://www.rockmypost.com,Advertising~Audio~Digital Entertainment~Media and Entertainment~Music
Advanced Mobile First Aid and Safety,,,,http://amfas.ca/,Wholesale
#UAATEAM,,,11-50 employees,https://en.uaateam.agency/,Advertising~Marketing
Advanced Mobile Solutions,,,11-50 employees,http://www.advancedmobile.com,Advertising~App Marketing~Mobile
#WalkAway Campaign,,,101-250 employees,https://www.walkawaycampaign.com/,Communities~Non Profit~Politics
Advanced Modular Computers,,,1-10 employees,http://www.amcuk.com,Computer~Hardware~Software
#WeCodeBusiness,,,1-10 employees,http://www.wecodebusiness.com,EdTech
Advanced Molding and Decoration,,,,,Manufacturing
& Friends,,,11-50 employees,https://www.friends.dk/,Consulting~Recruiting
Advanced Molecular Technologies,,,,http://www.amtechpl.com/,Chemical~Manufacturing
Acen Med,,,,http://www.istem.com.cn,Research
& Other Stories,,,501-1000 employees,http://stories.com/,Product Design~Retail~Shopping
Advanced Monitors Corporation,,,1-10 employees,http://www.admon.com/,Computer~Manufacturing~Medical~Pet~Veterinary~Video
#Yolo ex,,,1-10 employees,https://www.yoloex.io/,Finance~Financial Services~FinTech
ADVANCED Motion Controls,,,51-100 employees,http://www.a-m-c.com/,Information Technology~Manufacturing~Mechanical Engineering~Service Industry
&Co.,,,,http://www.andco.dk/,Digital Marketing~Marketing
Advanced Microlabs,,,1-10 employees,http://www.advancedmicrolabs.com,Electronics
&BIER,,,1-10 employees,https://en-bier.nl,Craft Beer~Food and Beverage~Manufacturing
Advanced Microscopy Techniques,,,1-10 employees,https://www.amtimaging.com,Medical~Medical Device
&DO,,,,https://and-do.kr/,Advertising~Brand Marketing~Consulting~Marketing
Advanced Microgrid Solutions,HTML5~Google Analytics~jQuery~Vimeo~WordPress~Apache Web Server~Adobe Typekit~nginx~Microsoft Outlook~Hotjar~Underscore.js~Comodo SSL~Mimecast Gateway~Wix~Bluehost~Lever~Mailjet~No-IP~Skype for Business,70823422,51-100 employees,http://advmicrogrid.com/,Clean Energy~Energy~Energy Storage~Renewable Energy
&design,,,1-10 employees,http://www.anddesign.jp/,Advertising~Brand Marketing~Consulting~Creative Agency~Graphic Design
acend,,,2-10 employees,https://acend.ch/,Computer Software
Advanced Millennium Technologies,Google Analytics~Vimeo~jQuery~Google Fonts~PHP~Apache Web Server~WordPress~Bootstrap~nginx~Modernizr~Google Maps~reCAPTCHA~AngularJS~Amazon Route 53~FlexSlider~Criteo~Google Charts,,51-100 employees,http://www.amt.in,CRM~Enterprise Software~Information Technology~Open Source~Outsourcing~Software
&facts,,,1-10 employees,https://www.andfacts.com,Artificial Intelligence
Advanced Mobile Payment,,,11-50 employees,http://www.amobilepayment.com,Banking~Financial Services~Payments~Security
&GINE,,,1-10 employees,http://www.en-gine.nl,Advice~Web Design
Advanced Mobile Group,HTML5~Google Analytics~Google Tag Manager~jQuery~Google Fonts~Microsoft Outlook~reCAPTCHA~GoDaddy DNS~Cloudflare~Skype for Business~HubSpot Marketing Hub~AddThis~Underscore.js~Starfield SSL~Zencoder~HubSpot CRM~Lead Flows~Video.js~HubSpot Website Platform~Rollbar~Sumo~Twilio~Oracle Eloqua~Hello Bar~Eventbrite~Vidyard,,11-50 employees,https://www.advancedmobilegroup.com,Printing~Software~Wireless
Advanced Mobility Research and Development (AMRD) Ltd,,,1-10 employees,http://www.amrduk.com,Aerospace~Automotive~Electronics~Energy~Manufacturing~Mechanical Engineering~Product Research
Advanced Molding Technologies,HTML5~Google Analytics~Google Tag Manager~Microsoft Outlook~reCAPTCHA~nginx~Modernizr~Skype for Business~DigiCert~New Relic~Drupal~Typography~Microsoft Office 365,,101-250 employees,http://advancedmt.com,3D Printing~Manufacturing
& Klevering-Online,,,11-50 employees,http://www.klevering.nl,E-Commerce~Retail
Acenda,HTML5~Google Analytics~jQuery~Vimeo~Google Tag Manager~G Suite (formerly Google Apps for Work)~Bootstrap~nginx~reCAPTCHA~Cloudflare~New Relic~Hotjar~HubSpot Marketing Hub~Comodo SSL~Zendesk~HubSpot Website Platform~StatusPage~Zoho Recruit~Lead Flows,,11-50 employees,http://www.acenda.com,Internet
Advanced MP Technology,HTML5~Google Analytics~jQuery~Google Fonts~Apache Web Server~Google Tag Manager~Vimeo~PHP~Microsoft Outlook~Microsoft Office 365~Modernizr~Skype for Business~WordPress~Polyfill~AddThis~Facebook Comments~HubSpot Marketing Hub~HubSpot Website Platform~Network Solutions~Underscore.js~HubSpot Forms~AngularJS~GreenSock Animation Platform~Wistia~Raven.js~Wix~Google Compute Engine~Embedly~ATT Hosting~Heatmap~Yandex Metrica~OpenSSL,,251-500 employees,http://advancedmp.com,Semiconductor
& NIPED,,,11-50 employees,https://niped.nl/,Fitness~Health Care
Acendas Travel,HTML5~Google Fonts~jQuery~Vimeo~WordPress~Google Tag Manager~G Suite (formerly Google Apps for Work)~Apache Web Server~Microsoft Office 365~Google Analytics~reCAPTCHA~Google Maps~Modernizr~Skype for Business~DigiCert~Gravatar~Microsoft Outlook~GoDaddy SSL~Amazon EC2~MediaElement.js~Network Solutions~Gravity Forms~Mailgun~Linode~Dyn DNS~Hotjar~Flywheel~SMTP2GO~Act-On,,101-250 employees,https://www.acendas.com,Tourism~Travel
Advanced Mulch Inc,,,1-10 employees,https://www.advancedmulch.com,Landscaping~Organic
&&& Creative,,,1-10 employees,https://www.andandandcreative.com/,Advertising~Graphic Design~Web Design
Acenet Ventures,,,1-10 employees,https://acenetworks.org,Business Development~Non Profit~Social Entrepreneurship
Advanced Nano Products,,,101-250 employees,http://anapro.com/,Manufacturing
&Agency,,,1-10 employees,http://andagency.co.uk/,Advertising~Marketing~Web Design
Aceno Mobile Services,,,101-250 employees,https://www.aceno.com,Apps~iOS~Telecommunications
Advanced NanoTech Lab (A.N.T Lab),,,,http://www.antlab.in,Building Material~Energy~Manufacturing~Real Estate~Solar
&ahead,,,1-10 employees,https://www.andahead.com,EdTech~Human Resources~Information Technology
ACENSI,,,1001-5000 employees,https://www.acensi.fr/page/accueil,Information and Communications Technology (ICT)~Information Services~Information Technology
AIDOC,,,11-50 employees,http://www.aidoc.me/,Artificial Intelligence~Big Data~Health Care~Software
Advanced Nerve & Health Center,,,,https://nerveandhealth.com/,Health Care
&CO,HTML5~Google Analytics~jQuery~Google Fonts~Apache Web Server~PHP~Vimeo~reCAPTCHA~Google Maps~Modernizr~Hotjar~OpenSSL~Video.js~Zencoder~Brightcove VideoCloud~WordPress,,101-250 employees,https://www.agence-etco.ca/en/,Advertising~Creative Agency~Information Technology~Marketing
ACENTA d.o.o.,,,1-10 employees,https://www.sloveniaholidays.com/,Online Portals~Tourism
Aidol,,,1-10 employees,,Mobile Apps~Public Safety
Advanced Navigation & Postioning Corporation,,,11-50 employees,https://www.anpc.com,Information Technology~Software
&do,,,1-10 employees,http://and.do,Consulting~Digital Marketing~Product Design~Software Engineering~UX Design
Acenta Steel,,,,http://acentasteel.com/,Manufacturing~Precious Metals
Aidoma Marketing Communication,,,101-250 employees,http://www.e-aidma.co.jp/,Marketing~Retail
&insurance,,,11-50 employees,https://www.andinsurance.com,Artificial Intelligence~Financial Services~Insurance~InsurTech~Machine Learning
Aidong Super AI,,1919329,11-50 employees,https://www.aidong-ai.com/,Artificial Intelligence~Information Technology~Internet of Things
&frankly,HTML5~Google Analytics~jQuery~Google Fonts~Vimeo~WordPress~reCAPTCHA~nginx~G Suite (formerly Google Apps for Work)~Microsoft Office 365~Google Maps~Google Drive~Modernizr~Google Tag Manager~Facebook Comments~Cloudflare~Polyfill~New Relic~Hotjar~vzaar~HubSpot Marketing Hub~Adobe Flash~Comodo SSL~Zendesk~Lightbox~Raven.js~Lead Flows~HubSpot CRM~AWS Application Load Balancer~Segment~Dropbox~Fastly~Pusher~Slack~Cloudinary~HubSpot Website Platform~Vidyard~Twilio SendGrid~Oribi~GoToMeeting~Trello~Ziggeo~Gleam~Teamtailor~Atlassian JIRA~HubSpot Sales Hub~Greta,1434356,11-50 employees,http://www.andfrankly.com,Employee Benefits~Office Administration~Small and Medium Businesses
Aidorando,,,,,Software
&ME,,2064000,11-50 employees,https://andme.in/,Food and Beverage~Food Processing~Nutrition
&shift,,,1-10 employees,https://www.andshift.com,Information Technology~Internet~Social Media~Software
&yet,,,11-50 employees,http://andyet.com,Developer Tools~Real Time~SaaS~Software
Advanced MotorTech,,,1-10 employees,http://www.advancedmotortech.com/,Consulting~Product Design
'corePHP',,,1-10 employees,http://corephp.com,Consulting
Advanced Multimedia Solutions,,,11-50 employees,https://amsaudiovideo.com,Audio~Consulting~Video
&SUUS,,,1-10 employees,https://ensuus.nl/,Advice~E-Commerce~Home Decor
Holland Expo Promotions,,,1-10 employees,http://www.hollandexpopromotions.nl,Event Management~Events~Trade Shows
Advanced Nanotechnologies,,81868,1-10 employees,https://www.advancednanotechnologies.com,Nanotechnology
&TV Communications,,4000000,1-10 employees,http://enjoyandtv.com,Broadcasting~Consulting~Internet~Media and Entertainment~Telecommunications~TV
Advanced NanoTherapies Inc.,,4000000,1-10 employees,https://www.advnanot.com,Medical Device
Holland Communications,,,1-10 employees,http://www.holland-comm.com,Advertising~Digital Marketing~Market Research
&zo webshops,,,1-10 employees,http://enzowebshops.nl,Consumer Electronics~Consumer Goods~E-Commerce~E-Commerce Platforms
Advanced Navigation,HTML5~Google Analytics~Google Fonts~Bootstrap~G Suite (formerly Google Apps for Work)~Google Maps~Google Drive~Cloudflare~Adobe Flash~Hotjar~Google Tag Manager~Lever~Drupal~Stripe~Salesforce Pardot,13000000,101-250 employees,https://www.advancednavigation.com/,Electronics~Navigation~Robotics
Holland Golf Company,,,1-10 employees,http://www.hollandgolfcompany.nl/,Golf~Sales~Sporting Goods
'NetSmart,,,11-50 employees,http://netsmart.com.mm,Information Technology~Software
Advanced Network Devices,,,11-50 employees,https://www.anetd.com/,Information Technology
Holland Haptics,,24620,1-10 employees,http://www.hollandhaptics.com,Hardware~Software
Advanced Network & Computer Services,,,11-50 employees,https://www.advncs.com/,Consulting~Information Technology~Network Hardware
'T ACHTERHUYS,,,1-10 employees,https://www.hetachterhuys.nl/,Baby~Children~E-Commerce
Holland holiday home,,,1-10 employees,http://www.holland-vakantiehuis.nl,Tourism~Vacation Rental
Holland Homes Lake Martin,,,,http://www.hollandhomesllc.com/lakemartin,Home Improvement
Holland Homes,,,11-50 employees,http://www.hollandhomesllc.com,Real Estate
Holland Homes Sales,,,,https://www.hollandhomessales.com,Real Estate
"Holland Financial Services, Inc.",,,,http://hollandfinancialservices.com,Financial Services
Holland Hydroponics,,,1-10 employees,http://www.hollandhydro.com,Horticulture~Manufacturing
Advanced Network Information,,,11-50 employees,https://ani-psg.com/,Professional Training & Coaching
Advanced Network Products,HTML5~jQuery~Google Analytics~WordPress~Google Tag Manager~Microsoft Outlook~reCAPTCHA~nginx~Google Maps~Google Fonts~DigiCert~Skype for Business~Cloudflare~Amazon EC2~MailChimp~HubSpot Marketing Hub~HubSpot Website Platform~ShareThis~GoDaddy DNS~Twilio SendGrid~DialogTech~HubSpot CRM~Reflexion,,11-50 employees,http://www.anp.net/,Information Services~Information Technology
Advanced Network Management,HTML5~jQuery~Google Analytics~Google Fonts~Google Tag Manager~WordPress~Apache Web Server~PHP~Microsoft Outlook~nginx~Vimeo~Microsoft Office 365~DigiCert~GoDaddy DNS~MediaElement.js~Gravatar~OpenResty~Gravity Forms~Modernizr~Dyn DNS~Starfield SSL~Google Drive~WordFence~ServiceNow~Lightbox,,101-250 employees,http://anm.com,Information Technology
Advanced Network Technologies,,,,,Communications Infrastructure~Telecommunications
Holland Container Innovations,HTML5~Google Fonts~Google Analytics~Vimeo~jQuery~WordPress~Google Tag Manager~Apache Web Server~reCAPTCHA~Facebook Comments~Underscore.js~AngularJS~Wistia~Polyfill~Raven.js~GreenSock Animation Platform~Yandex Metrica~Wix~Embedly,2873426,1-10 employees,https://4foldcontainers.com/,Shipping~Transportation
Advanced Networks,,,,https://www.anisi.com/,Information Technology~Web Development~Wireless
"Holland Engineering, Inc.",Google Analytics~HTML5~jQuery~Google Fonts~Vimeo~WordPress~G Suite (formerly Google Apps for Work)~Microsoft Outlook~PHP~Apache Web Server~reCAPTCHA~Font Awesome~Microsoft Office 365~GoDaddy DNS~Starfield SSL~Reflexion,,101-250 employees,http://hollandengineering.com,Energy~Renewable Energy~Solar
Holland Financial,HTML5~Google Analytics~jQuery~Google Fonts~Bootstrap~Google Drive~GoDaddy DNS~Adobe Flash~Microsoft IIS~ASP.NET~Starfield SSL~Plesk~GoDaddy Professional Email,,11-50 employees,http://planstronger.com,Finance~Financial Services~Life Insurance
Holland Gaat Duurzaam,,,1-10 employees,https://www.hollandgaatduurzaam.nl/,Energy Efficiency~Retail~Solar
Advanced Network Solutions,HTML5~Google Analytics~jQuery~Google Fonts~WordPress~Microsoft Outlook~reCAPTCHA~Apache Web Server~Microsoft Office 365~Skype for Business~Adobe Typekit~HubSpot Marketing Hub~Font Awesome~Google Tag Manager~OpenResty~HubSpot Website Platform~Gravity Forms~Proofpoint~Emma~Salesforce Pardot~McAfee SaaS~Nelio A/B Testing~Network Solutions,,51-100 employees,http://www.ansolutions.com/,Information Services~Information Technology
Advanced Network Solutions,,,11-50 employees,https://www.ansnetworks.com/,Cloud Computing~Consulting~Hardware~IT Management
Advanced Network Solutions,,,11-50 employees,http://www.anscorp.com/,Human Resources~Information Technology~Robotics
Advanced Network Systems,HTML5~Vimeo~Google Analytics~Google Fonts~Google Tag Manager~Apache Web Server~PHP~nginx~Modernizr~jQuery~Amazon EC2~Network Solutions~Optimizely~AdRoll~ExpressionEngine~Google Doubleclick~Emma~LeadLander~VisualVisitor~Opentracker,,11-50 employees,http://www.getadvanced.net,EdTech~Education~Information Services~Network Security~Security~Wireless
aido health,,300000,1-10 employees,https://aido.id,Health Care~Home Health Care~Information Technology~Wellness
aidodys,HTML5~Google Analytics~jQuery~Vimeo~WordPress~Google Fonts~Google Tag Manager~G Suite (formerly Google Apps for Work)~PHP~reCAPTCHA~Apache Web Server~nginx~Hotjar~MailChimp~AWS Elastic Load Balancing~Segment~Fastly~DigiCert~OVH Hosted Exchange~OVH Hosting~Amazon EC2~Anycast DNS~SkySignature,,1-10 employees,https://aidodys.com/,Education~Internet~Software
Holland Harper,,,1-10 employees,https://www.hollandharper.co.uk/,Accounting~Advice~Financial Services
AiDock,,1300000,11-50 employees,http://aidock.net/,Artificial Intelligence~Document Management~Document Preparation~Freight Service~Machine Learning~Shipping~Supply Chain Management
Holland Harvey Architects,,,11-50 employees,http://hollandharvey.com/,Architecture~Real Estate
Aidoc,HTML5~Google Analytics~Google Fonts~jQuery~Vimeo~WordPress~Google Tag Manager~G Suite (formerly Google Apps for Work)~PHP~Bootstrap~reCAPTCHA~nginx~Google Maps~Microsoft Office 365~Apache Web Server~Cloudflare~DigiCert~Gravatar~Amazon EC2~Amazon Route 53~Font Awesome~HubSpot Marketing Hub~Adobe Typekit~GreenSock Animation Platform~WooCommerce~W3 Total Cache~ActiveCampaign~Unbounce~Modernizr~CrazyEgg,61500000,101-250 employees,http://aidoc.com,Artificial Intelligence~Health Care~Machine Learning~Medical Device
Holland Home,HTML5~Google Analytics~jQuery~WordPress~Google Fonts~Vimeo~Google Tag Manager~PHP~Apache Web Server~Microsoft Outlook~nginx~Microsoft Office 365~DigiCert~Gravatar~Fonts.com~Facebook Comments~Google Compute Engine~vzaar~Font Awesome~Comodo SSL~FlexSlider~Network Solutions~CrazyEgg~WP Engine~Vidyard~TinyMCE~HealthcareSource~Mimecast Gateway,,1001-5000 employees,https://hollandhome.org/,Health Care~Health Diagnostics~Medical
Aidon,,,51-100 employees,https://www.aidon.com,Information Services~Information Technology
Advanced Networking,,,1-10 employees,http://www.advnetwork.com/,Telecommunications
Holland Hospital,Google Analytics~jQuery~Google Fonts~Vimeo~WordPress~Google Tag Manager~Google Maps~Google Drive~DigiCert~Facebook Comments~ASP.NET~Adobe Flash~Microsoft IIS~AddThis~ShareThis~Mimecast Gateway~Microsoft .NET~Dyn DNS~Google Doubleclick~OneSignal~Salesforce Desk.com~McAfee SaaS~Pendo~HealthcareSource,,1001-5000 employees,https://www.hollandhospital.org/,Health Care~Home Health Care~Hospital
AIDONIC,,,1-10 employees,https://aidonic.io,Funding Platform~Information Technology~Software
Advanced Networks,,,1-10 employees,https://www.anwsol.com/,Cloud Computing~Consulting~Cyber Security
Holland FinTech,HTML5~Google Analytics~jQuery~Google Fonts~Vimeo~WordPress~G Suite (formerly Google Apps for Work)~Bootstrap~PHP~reCAPTCHA~Google Maps~Modernizr~Google Drive~Apache Web Server~Adobe Flash~Gravatar~Facebook Comments~Polyfill~HubSpot Marketing Hub~Hotjar~MediaElement.js~HubSpot Website Platform~Zendesk~Lightbox~Gravity Forms~Disqus~WooCommerce~MaxMind~bxSlider~HubSpot CRM~HubSpot Forms~Lead Flows~AWS Application Load Balancer~Zendesk Chat (Formerly Zopim)~Mapbox~Firebase~SurveyMonkey~VWO~Select2~Google Charts~WordFence~Twilio~VigLink~Clicky~Yahoo! Query Language (YQL)~SmartRecruiters~HubSpot Marketing Free~Cronon Domain Registration~Agile CRM,,11-50 employees,http://hollandfintech.com,Financial Services~FinTech~Incubators
Aidos,,50000,1-10 employees,https://www.aidos.nyc,Blockchain~FinTech~Impact Investing
Advanced Networks IT Support LA,HTML5~Google Analytics~Vimeo~jQuery~WordPress~Google Tag Manager~Apache Web Server~nginx~Google Maps~G Suite (formerly Google Apps for Work)~Modernizr~Cloudflare~Gravatar~New Relic~reCAPTCHA~Lightbox~Comodo SSL~Bluehost~NSONE~Autotask~Formilla~Twilio SendGrid,,11-50 employees,http://adv-networks.com/,Consulting~Information Technology
Holland Innovation Platform,,,1-10 employees,http://www.hollandip.com,Internet
AIDOT,,10000000,11-50 employees,http://www.aidot.ai/,Artificial Intelligence~Machine Learning~Medical~Software
Advanced Neurosurgery Associates,,,11-50 employees,https://ana-neurosurgery.com/,Health Care~Medical~Neuroscience
Holland Linguistic Services,,,1-10 employees,http://hollandlinguisticservices.com,Education
Aidough,,,1-10 employees,http://www.aidough.com,Apps~Artificial Intelligence~Finance
"First West Brokerage Services, Inc. (First West)",,,,,Financial Services~Insurance
First Western Securities,,,1-10 employees,http://firstwesternsecurities.com,Advice~Finance~Financial Services~Retirement
First Westroads Bank,,,101-250 employees,http://firstwestroads.bank,Electronics~Financial Services
First Winthrop Corporation,,,1-10 employees,http://www.winthropreit.com,Real Estate
First Western Bank,HTML5~jQuery~Google Analytics~Google Tag Manager~Google Maps~Underscore.js~Microsoft .NET~nginx~Mailgun~Matomo (formerly Piwik)~Varnish Cache~Constant Contact~Media Temple Hosting~Play~Banno,,101-250 employees,https://www.firstwestern.com/,Banking~Financial Services~Personal Finance
First Western Bank & Trust,,,101-250 employees,https://www.firstwestern.bank/,Banking~Finance~Financial Services
First Western Federal Savings Bank,,,1-10 employees,https://myiralender.com,Banking~Financial Services
First Western Properties,,,11-50 employees,https://fwp-inc.com/,Commercial Real Estate~Finance~Real Estate
First Western Financial,HTML5~Google Fonts~jQuery~Vimeo~WordPress~Google Tag Manager~Microsoft Outlook~Apache Web Server~Google Analytics~reCAPTCHA~Adobe Typekit~Adobe Flash~Google Drive~Gravatar~Fonts.com~AddThis~Microsoft Office 365~HubSpot Marketing Hub~Hotjar~Modernizr~MediaElement.js~Network Solutions~Google Doubleclick~Mailgun~HubSpot Forms~OpenSSL~AdRoll~HubSpot Website Platform~HubSpot CRM~Lead Flows~VWO~Greenhouse~Bounce Exchange~Entrust~HubSpot Marketing Free~Bugsnag~Blueshift~The Muse~Mapbox,8978935,251-500 employees,https://myfw.com/,Banking~Financial Services~Wealth Management
First West Properties Corporation,,,11-50 employees,https://www.fwpc.net/,Commercial Real Estate~Leasing~Property Management
First Wilshire Securities Management,,,11-50 employees,https://www.firstwilshire.com/,Angel Investment~Family~Finance~Financial Services
First Women's Bank,,,1-10 employees,https://www.firstwomensbank.com/,Banking~Finance~Financial Services
First Working Capital Group,,,1-10 employees,http://www.firstworkingcapital.com,Financial Services
First World Mortgage,HTML5~Google Fonts~Google Analytics~jQuery~Vimeo~PHP~Apache Web Server~Modernizr~reCAPTCHA~Facebook Comments~GoDaddy DNS~WordPress~GoDaddy Professional Email~Cufon~ShareThis~Paycom~New Relic,,51-100 employees,http://www.firstworldmortgage.com,Financial Services~Real Estate
First Zipper UK,,,1-10 employees,http://www.zippaproducts.co.uk,3D Printing~Advertising~Business Development~Printing
First Zoom,,,,,Artificial Intelligence~Education~Machine Learning
First Wind Energy Systems,,,,,Agriculture~Energy~Renewable Energy
First-8 ApS,,,,https://www.first-8.dk/,E-Commerce
First1 Networks,,,1-10 employees,http://www.first1.de/,Internet~Online Games
First2Learn.com,,,1-10 employees,http://www.first2learn.com,Internet
First4Blinds,,,1-10 employees,http://www.first4blindsnorthampton.co.uk,Construction~Interior Design~Service Industry
First30Days,,5000000,11-50 employees,http://www.first30days.com,Advertising~Social Media~Social Media Marketing
First50,,,1-10 employees,http://www.first50.com,Banking~Venture Capital
FirstAED,,,,http://firstaed.com,Infrastructure
First Wind,,44000000,501-1000 employees,http://www.firstwind.com,Energy~Renewable Energy~Wind Energy
first.jobs powered by Techruit,,,11-50 employees,http://first.jobs,CRM~Human Resources~Information Technology~Internet~Internet of Things
First-corporation,,,101-250 employees,https://1st-corp.com/,Construction~Real Estate
First2Care,,,11-50 employees,https://www.first2care.com.au,Consulting~Insurance~Technical Support
first2group,,,1-10 employees,http://www.first2group.com/,Banking~Recruiting~Staffing Agency
First4IT,,,1-10 employees,https://www.first4it.com/,Advertising~Brand Marketing~Digital Marketing~SEO~Web Development
First4lawyers,HTML5~jQuery~Google Fonts~Vimeo~WordPress~Google Tag Manager~Google Analytics~Bootstrap~nginx~Microsoft Office 365~reCAPTCHA~Google Maps~Cloudflare~GoDaddy DNS~Adobe Typekit~DigiCert~Microsoft Outlook~New Relic~AddThis~Fonts.com~Hotjar~Zendesk~Mandrill~Starfield SSL~AWS Application Load Balancer~ipstack~Microsoft .NET~Lucky Orange~SurveyMonkey~Zendesk Chat (Formerly Zopim)~Trustpilot~Polyfill~VWO~Pingdom~Woopra~Affiliate Window~EPi Ektron CMS~Sophos~AB Tasty~OptinMonster~AppsFlyer~Sitecore~Host Europe~MouseStats~ResponseTap~i3.com,,11-50 employees,https://www.first4lawyers.com/,Consulting~Legal~Medical
Firstaff Personnel Consultants,,,11-50 employees,https://firstaff.ie/,Recruiting~Staffing Agency
Firstaff Nursing Services,,,11-50 employees,https://www.aveanna.com/our-story/,Health Care~Staffing Agency
FirstAfrica Oil Plc,,,,,Oil and Gas
FirstAgain,,,,,Internet
FirstAmerica Automotive,,,,,Automotive
Firstangels,,,11-50 employees,https://firstangels.org/,Angel Investment~Incubators~Venture Capital
Firstar Corporation,,,,,Manufacturing
FirstArray Enterprise,,,1-10 employees,http://firstarray.com,Hotel~Point of Sale~Restaurants
FirstAscent,,,,http://first-ascent.jp/,Management Consulting~Recruiting~SEO
FirstAsset,,,,http://firstasset.co.kr/,Financial Services~Health Insurance~Insurance
FirstArt.co,,,1-10 employees,https://firstart.co/,Animation~Digital Entertainment~Video Games
Firstand20.com,,,1-10 employees,http://www.firstand20.com,E-Commerce~Real Estate~Web Design
FirstAssignmentHelp,,,11-50 employees,http://www.firstassignmenthelp.com/,Education
FirstAssist Insurance Services,,,,,Financial Services~Health Insurance~Insurance
Firstassist Legal Expenses,,,,,Consulting~Financial Services~Insurance~Legal
Firstathens,,,1-10 employees,http://www.firstathens.com/,Finance~Financial Services
Firstat Home Health Services,,,251-500 employees,http://firstat.com,Health Care
FirstAudit,,,11-50 employees,https://firstaudit.de,
Firstax,,,1-10 employees,https://firstax.co.uk/,Accounting~Financial Services~Legal
Firstassist Services Holdings,,,,,Consumer
FirstAidPro,,,11-50 employees,https://www.firstaidpro.com.au/,First Aid~Training
FirstAltantic Bank,,,51-100 employees,https://www.firstatlantic.bank/,Banking~Communities
Firstan,,,101-250 employees,http://www.firstan.co.uk,CAD~Manufacturing~Packaging Services
firstAI,HTML5~Google Analytics~Vimeo~jQuery~G Suite (formerly Google Apps for Work)~nginx~Google Fonts~GoDaddy DNS~DigiCert~Google Compute Engine~GlobalSign~Mailjet,2100000,11-50 employees,http://www.firstai.co,Analytics~Artificial Intelligence~Finance~FinTech~Natural Language Processing
Firstar Precision Corp,,,11-50 employees,https://www.firstarcnc.com/,Machinery Manufacturing~Project Management
FirstAttribute AG,Google Analytics~G Suite (formerly Google Apps for Work)~PHP~Microsoft Outlook~WordPress~reCAPTCHA~nginx~Microsoft Office 365~Vimeo~Google Tag Manager~ASP.NET~Adobe Flash~Polyfill~vzaar~MediaElement.js~Microsoft .NET~LiteSpeed Web Server~Plesk~Google Charts~Mouseflow~Google Maps~Skype for Business~React.js~WP Rocket,,11-50 employees,http://www.firstattribute.com,Information Technology & Services
firstaudit - Digitale Checklisten App c/o reinstil GmbH & Co. KG,,,11-50 employees,https://www.firstaudit.de,Apps~Building Maintenance~Mobile Apps~SaaS~Software
FirstBank,Google Fonts~Google Analytics~WordPress~Google Tag Manager~Google Drive~Modernizr~Adobe Flash~HTML5~DigiCert~GlobalSign~GeoTrust SSL~Adobe Analytics~Adobe Activation (Adobe Dynamic Tag Management)~Incapsula~Tumblr~Soasta mPulse~Proofpoint~Neustar UltraDNS~Wufoo~Dynatrace Ruxit~Demandware~Verisign DNS~UltiPro by Ultimate Software~NSONE,,1001-5000 employees,https://www.efirstbank.com/,Banking~Customer Service~Finance
FirstBank,Vimeo~WordPress~Google Tag Manager~Apache Web Server~PHP~reCAPTCHA~Microsoft Office 365~Google Maps~Skype for Business~GoDaddy DNS~Adobe Typekit~Fonts.com~HTML5~Google Analytics~jQuery~Underscore.js~AddThis~New Relic~Microsoft .NET~Mimecast Gateway~AWS Elastic Load Balancing~Mailgun~ASP.NET~GeoTrust SSL~Matomo (formerly Piwik)~Amazon CloudFront~Mapbox~Incapsula~Symantec Email Security.cloud~Investis~Q4 Websites~OpenSSL~S&P Global Market Intelligence,,11-50 employees,https://www.firstbankonline.com/,Banking~Finance~Financial Services
FirstBank,HTML5~Google Analytics~jQuery~Microsoft Outlook~Magento~Network Solutions~Microsoft Office 365~Newton~ZixMail~Modernizr,,1-10 employees,https://www.firstbank-ok.com/,Banking~Finance~Financial Services
FirstBank Insurance Agency,,,11-50 employees,,Property Insurance
Firstbank NW,,,1-10 employees,,Banking~Financial Services
FirstBank Private Banking,,,,http://firstbankprivatebanking.com,Banking~Financial Services
FirstBank Southwest,,,101-250 employees,http://fbsw.com,Banking~Communities~Financial Services~Venture Capital
Firstbase,,,11-50 employees,http://www.firstbase.in,Advertising~Brand Marketing~Fashion~Web Design
firstBHK,,,,https://firstbhk.com/,
Firstbeat Analytics,,,11-50 employees,https://www.firstbeatanalytics.com/en/,Analytics~Biometrics~Fitness
FirstBlink UG (haftungsbeschränkt),,,,,
Firstbank Financial Services,,,1-10 employees,,Banking~Financial Services
FirstBank of Nebraska,HTML5~Google Analytics~jQuery~Apache Web Server~PHP~WordPress~GoDaddy DNS~Google Fonts~reCAPTCHA~GoDaddy SSL~Gravity Forms~Mimecast Gateway~OpenSSL~GeoTrust SSL~Linode~WordFence~GKG Domain Registration~Flywheel,,1-10 employees,https://www.firstbankne.com/,Banking~Finance~Financial Services
FirstBank,HTML5~Google Analytics~jQuery~Google Tag Manager~reCAPTCHA~Microsoft Office 365~Cloudflare~ASP.NET~Bootstrap~New Relic~Google Fonts~Underscore.js~ShareThis~Lightbox~The Trade Desk~Plesk~CrazyEgg~Vimeo~Comodo SSL~Microsoft Azure~Oracle Data Cloud (Bluekai/Datalogix)~AddToAny~Adobe Audience Manager~Google Custom Search~BugHerd~Inspectlet~ForeSee~ZixMail~DNN Community~DNN Evoq Engage~S&P Global Market Intelligence~Neteller,,101-250 employees,https://www.fbvirginia.com/,Banking~Finance~Financial Services
FirstBaseIT,,,11-50 employees,http://www.firstbaseit.net,Information Technology & Services
Firstbase,,15100000,1-10 employees,https://www.firstbasehq.com/,Apps~Consumer Electronics~IT Management~Management Information Systems
Firstbase.io,,545000,11-50 employees,https://firstbase.io/,Business Development~Legal~Legal Tech
Firstbit,HTML5~Google Analytics~jQuery~Vimeo~Google Fonts~PHP~Bootstrap~Google Tag Manager~Apache Web Server~Adobe Typekit~Fonts.com~Lightbox~Microsoft Office 365~Yandex Metrica~FlexSlider~Drift~QQ Mail~Microsoft Outlook,,"1,001-5,000 employees",http://www.firstbit.ca/,Information Technology & Services
Firstbeat,HTML5~Google Analytics~jQuery~Google Fonts~Google Tag Manager~PHP~Vimeo~WordPress~Microsoft Outlook~reCAPTCHA~nginx~Microsoft Office 365~Google Maps~Modernizr~Skype for Business~Google Drive~Adobe Typekit~Polyfill~Cloudflare~Adobe Flash~MailChimp~Hotjar~HubSpot Marketing Hub~Font Awesome~HubSpot Website Platform~Mandrill~Twilio SendGrid~Zendesk~HubSpot CRM~Lead Flows~Gravity Forms~Amazon SES~ipstack~AWS Application Load Balancer~Zendesk Chat (Formerly Zopim)~Pusher~Freshdesk~Dyn DNS~Mailjet~ActiveCampaign~SparkPost~PubNub~LinkedIn Ads,,101-250 employees,http://www.firstbeat.com/,Analytics~Biometrics~Fitness~Personal Health~Sports~Wellness
FirstBest,HTML5~Google Fonts~jQuery~WordPress~PHP~Apache Web Server~Microsoft Outlook~nginx~Google Drive~Skype for Business~GoDaddy DNS~Adobe Flash~Bootstrap~New Relic~OpenResty~Google Doubleclick~bxSlider~Zencoder~OpenSSL~Google Compute Engine~Oracle Eloqua~Steelhouse~DuoCircle~AdRoll~TinyMCE,30775001,51-100 employees,http://firstbest.com,Consulting~Insurance~Software
FirstBoard.io,,,0-1 employees,https://www.firstboard.io,Executive Office
FirstBom (Parent Company: Worldway Electronics),,,11-50 employees,https://www.firstbom.com/,
Firstbrands,,,1-10 employees,http://www.firstbrands.de/,Business Development~Consumer~Industrial
Firstbrave,,,11-50 employees,http://www.firstbrave.com/,Enterprise~Service Industry
Firstbreath,,,,https://www.firstbreath.co.jp/,Information Technology~Management Consulting
